제목,링크
라이즈(RIIZE) 2025 월드투어 완벽정리 │ 티켓예매 꿀팁·SMTOWN LIVE·도쿄돔·런던 일정까지!,https://blog.naver.com/wjsrlgus5/223833831197
"RIIZE 라이즈, SM 엔터테인먼트 글로벌 7인조 보이그룹의 등장과 Get A Guitar [뜻/멤버/소개/뮤비/가사/해석]",https://blog.naver.com/guitarphil/223320534891
"라이즈 sm 신인 아이돌 그룹 데뷔, RIIZE 뜻 멤버 프로필",https://blog.naver.com/majesty0117/223190265491
RIIZE 라이즈 노래 Lucky 가사 해석 발음 일본 데뷔 신곡 MV,https://blog.naver.com/andj202/223532904328
[메가커피 X RIIZE] 라이즈 팬사인회 프리퀀시 실수하지 않는 법!(취소·환불로 다시 적립한 썰),https://blog.naver.com/cphcrab/224013028442
라이즈(RIIZE) - Fame(페임) 영어가사 뜻 해석 및 주제분석,https://blog.naver.com/courukimam/224086724795
RIIZE Hug,https://blog.naver.com/rina_rinaya/223734399285
라이즈 팝업 [WE LITTLE RIIZE @ RIIZE PARK] 4/11 자유 방문 첫날 오픈런 후기,https://blog.naver.com/glansande/223832810163
"2025 메가콘서트 종료 시간, 라이즈(RIIZE) 출연 순서 완벽 가이드",https://blog.naver.com/motokim08/223879806443
RIIZE 라이즈 All of You (Korean Ver.) 올 오브 유 (한국어 버전) 한국어 청음 가사 영어 가사 해석,https://blog.naver.com/placida_/224200758040
