title,description,originallink,link,pubDate
부산원아시아페스티벌 라인업 확정…10주년 무대 윤곽 나왔다,"둘째 날은 라이즈(<b>RIIZE</b>)가 헤드라이너로 나선다. 라이즈는 데뷔 이후 빠른 성장세를 보이며 글로벌 팬덤을 확대하고 있는 팀이다. 여기에 아이덴티티(idntt), 트리플에스(tripleS), 하츠투하츠(Hearts2Hearts)가 합류한다.... ",https://www.traveltimes.co.kr/news/articleView.html?idxno=415605,https://www.traveltimes.co.kr/news/articleView.html?idxno=415605,"Mon, 06 Apr 2026 00:06:00 +0900"
부산원아페 K-POP 콘서트 라인업 공개,둘째 날인 28일에는 헤드라이너인 라이즈(<b>RIIZE</b>)를 비롯해 아이덴티티(idntt) 트리플에스(tripleS) 하츠투하츠(Hearts2Hearts)가 무대에 올라 펼친다. 올해로 10주년을 맞은 BOF는 케이팝 공연을 중심으로 뷰티 패션 푸드 등... ,http://www.kookje.co.kr/news2011/asp/newsbody.asp?code=0500&key=20260405.99099001145,https://m.entertain.naver.com/article/658/0000140065,"Sun, 05 Apr 2026 13:52:00 +0900"
눈물은 기우가 아니었다... 엔시티 마크 탈퇴가 증명한 ‘학습된 불안’...,앞서 라이즈(<b>RIIZE</b>) 승한의 사례 역시 뼈아픈 학습 효과를 남겼다. 데뷔 초 사생활 논란 등으로 활동을 중단한 그는 2024년 10월 복귀 발표 이틀 만에 탈퇴로 번복하며 완전체의 가변성을 극명하게 보여줬다. 여기에... ,https://www.dailian.co.kr/news/view/1629664/?sc=Naver,https://m.entertain.naver.com/article/119/0003077123,"Sun, 05 Apr 2026 10:03:00 +0900"
첫방 전부터 화제성 1위 찍더니…'이것'마저 초호화라는 '역대급' 한국 ...,"카카오엔터테인먼트가 공개한 OST 참여진은 라이즈(<b>RIIZE</b>), 보이넥스트도어(BOYNEXTDOOR), 비비(BIBI), 샘킴(SAM KIM), 소수빈, 알레프(ALEPH), 우즈(WOODZ), 임중원(손을모아), 키키(KiiiKiii), 한로로, hrtz.wav(하츠웨이브)까지 총... ",https://www.wikitree.co.kr/articles/1129067,https://www.wikitree.co.kr/articles/1129067,"Sat, 04 Apr 2026 06:30:00 +0900"
[Opinion] K-POP 비하인드 콘텐츠가 완성하는 그들의 정체성 [문화 전반],라이즈(<b>RIIZE</b>) - 완성보다 강력한 과정 라이즈가 비하인드 콘텐츠 'RISE &amp; REALIZE'를 통해 보여주고자 하는 것은 무언가를 완성해 나가는 ‘과정’ 그 자체다. 레코딩 비하인드에서 끊임없이 수정을 반복하는 모습은... ,https://www.artinsight.co.kr/news/view.php?no=80372,https://www.artinsight.co.kr/news/view.php?no=80372,"Fri, 03 Apr 2026 20:46:00 +0900"
XngHan&amp;Xoul to release first EP 'Glow' on April 27,"XngHan&amp;Xoul, a music crew led by former <b>Riize</b> member XngHan, will release its first EP &quot;Glow&quot; on... The unit is one of several &quot;artist brands&quot; formed around XngHan after he left boy band <b>Riize</b>.... ",https://koreajoongangdaily.joins.com/news/2026-04-03/entertainment/kpop/XngHanXoul-to-release-first-EP-Glow-on-April-27/2560933,https://m.entertain.naver.com/article/640/0000086572,"Fri, 03 Apr 2026 19:52:00 +0900"
"부산관광공사, ‘2026 BOF with NOL’ 출연 라인업 공개","2026 부산원아시아페스티벌 헤드라이너 '라이즈(<b>RIIZE</b>)'. 사진/부산관광공사 부산관광공사가 오는 6월 27... 이튿날인 6월 28일은 헤드라이너 '라이즈(<b>RIIZE</b>)'를 비롯해 '아이덴티티(idntt)', '트리플에스(tripleS)... ",http://www.metroseoul.co.kr/article/20260403500220,http://www.metroseoul.co.kr/article/20260403500220,"Fri, 03 Apr 2026 19:46:00 +0900"
'21세기 대군부인' 아이유X변우석 로맨스에 라이즈·비비 목소리 더한다,"그룹 라이즈(<b>RIIZE</b>)를 비롯해 보이넥스트도어(BOYNEXTDOOR), 비비(BIBI), 샘킴(SAM KIM), 소수빈, 알레프(ALEPH), 우즈(WOODZ), 임중원(손을모아), 키키(KiiiKiii), 한로로, 하츠웨이브(hrtz.wav) 등이 합류해 극의 몰입도를 더할... ",https://www.ggilbo.com/news/articleView.html?idxno=1150167,https://www.ggilbo.com/news/articleView.html?idxno=1150167,"Fri, 03 Apr 2026 18:50:00 +0900"
라이즈·크래비티…부산원아시아페스티벌 라인업 공개,"둘째 날인 28일에는 헤드라이너인 라이즈(<b>RIIZE</b>)를 비롯해 아이덴티티, 트리플에스, 하츠투하츠가 출연해 공연을 펼친다. 올해로 10주년을 맞은 BOF는 케이팝 공연을 중심으로 뷰티, 패션, 푸드 등 다양한 'k-콘텐츠'를... ",https://www.yna.co.kr/view/AKR20260403126600051?input=1195m,https://m.entertain.naver.com/article/001/0016001618,"Fri, 03 Apr 2026 16:35:00 +0900"
글로벌 K-POP 아티스트 총출동…'2026 BOF' 라인업 공개,"28일 공연은 헤드라이너 '라이즈(<b>RIIZE</b>)'를 비롯해 '아이덴티티(idntt)', '트리플에스(tripleS)', '하츠투하츠(Hearts2Hearts)'가 무대에 올라 다채로운 퍼포먼스를 선보일 예정이다. 올해 BOF with NOL은 K-POP 공연을 중심으로... ",https://www.cnbnews.com/news/article.html?no=787557,https://www.cnbnews.com/news/article.html?no=787557,"Fri, 03 Apr 2026 16:28:00 +0900"
2026 부산원아시아페스티벌(BOF) 라인업 공개,"둘째 날인 28일에는 대세 그룹 라이즈(<b>RIIZE</b>)가 헤드라이너로 나서며, 트리플에스와 아이덴티티, 하츠투하츠 등 실력파 아티스트들이 총출동해 다채로운 퍼포먼스를 선보일 예정입니다. 부산관광공사는 이번 페스티벌이... ",http://news.lghellovision.net/news/articleView.html?idxno=539451,http://news.lghellovision.net/news/articleView.html?idxno=539451,"Fri, 03 Apr 2026 15:58:00 +0900"
"부산원아시아페스티벌 with NOL, 라인업 및 티켓 일정 공개","6월 28일 공연은 헤드라이너 '라이즈(<b>RIIZE</b>)'를 비롯해 '아이덴티티(idntt)', '트리플에스(tripleS)... ▲ 6월 28일 공연에는 헤드라이너 '라이즈(<b>RIIZE</b>)'가 화려하게 장식한다. 라이즈는 데뷔 이후 국내외 음원·음반 차트는... ",https://www.busan.com/view/busan/view.php?code=2026040315341460860,https://n.news.naver.com/mnews/article/082/0001374279?sid=102,"Fri, 03 Apr 2026 15:35:00 +0900"
&quot;K-팝의 현재와 미래가 만난다&quot; 2026 BOF 라인업 공개,"둘째 날은 명실상부한 '성장 서사의 아이콘'으로 자리 잡은 '라이즈(<b>RIIZE</b>)'가 헤드라이너로 무대에 오른다. 이어 독창적 세계관의 '아이덴티티(idntt)', 팬 참여형 시스템으로 주목받는 '트리플에스(tripleS)', 최근... ",https://www.nocutnews.co.kr/news/6496234?utm_source=naver&utm_medium=article&utm_campaign=20260403013553,https://n.news.naver.com/mnews/article/079/0004132586?sid=102,"Fri, 03 Apr 2026 13:36:00 +0900"
&quot;글로벌 K-POP 아티스트 총출동…4월 중 티켓 오픈 예정&quot;,"6월 28일 공연은 헤드라이너 '라이즈(<b>RIIZE</b>)'를 비롯해 '아이덴티티(idntt)', '트리플에스(tripleS)... 6월 28일 공연에는 헤드라이너 '라이즈(<b>RIIZE</b>)'가 화려하게 장식한다. 라이즈는 데뷔 이후 국내외 음원·음반 차트는... ",https://www.gukjenews.com/news/articleView.html?idxno=3547982,https://www.gukjenews.com/news/articleView.html?idxno=3547982,"Fri, 03 Apr 2026 13:08:00 +0900"
라이즈·크래비티…부산원아시아페스티벌 라인업 공개,"둘째날인 28일에는 공연 대표 출연자(헤드라이너) 라이즈(<b>RIIZE</b>)를 비롯해 아이덴티티(idntt), 트리플에스(tripleS), 하츠투하츠(Hearts2Hearts)가 무대에 오른다. 올해 BOF는 K-POP 공연을 중심으로 뷰티·패션·푸드 등 K... ",https://www.newsis.com/view/NISX20260403_0003576694,https://n.news.naver.com/mnews/article/003/0013865295?sid=102,"Fri, 03 Apr 2026 10:51:00 +0900"
BTS's V voted best at solo social media content by K-pop fans,"She was followed by Shotaro, a Japanese member of the boy band <b>Riize</b>, who received 40,022 votes. According to Picnic, V’s selection was driven by his strong communication with fans through... ",https://koreajoongangdaily.joins.com/news/2026-04-03/entertainment/kpop/BTSs-V-voted-best-at-solo-social-media-content-by-Kpop-fans/2559687,https://m.entertain.naver.com/article/640/0000086545,"Fri, 03 Apr 2026 08:00:00 +0900"
"라이즈, 오랜만에 보는 잘생김 (출국)[뉴스엔TV]","가수 라이즈(<b>RIIZE</b>) 멤버 쇼타로, 은석, 성찬, 원빈, 소희, 앤톤이 일본 해외 일정 차 4월 2일 서울시 강서구 김포국제공항을 통해 출국했다.",https://www.newsen.com/news_view.php?uid=202604022058121310,https://m.entertain.naver.com/article/609/0001109806,"Thu, 02 Apr 2026 20:59:00 +0900"
"[현장영상] &quot;다가오면, 심쿵&quot;…라이즈, 빛나는 출국길",라이즈(<b>RIIZE</b>)가 잘생긴 비주얼로 출국길을 환하게 밝혔다. 라이즈가 해외 일정을 위해 2일 오후 김포국제공항을 통해 일본 도쿄로 출국했다. 이날 멤버들은 각자만의 개성이 잘 드러나는 멋진 스타일로 취재진의 시선을... ,http://www.dispatch.co.kr/2340846,https://m.entertain.naver.com/article/433/0000126355,"Thu, 02 Apr 2026 19:56:00 +0900"
라이즈 '공항 런웨이!' [★영상],"그룹 라이즈(<b>RIIZE</b>) 쇼타로, 은석, 성찬, 원빈, 소희, 앤톤이 일본 일정 차 2일 오후 김포국제공항을 통해 출국하고 있다. 2026.04.02",https://www.starnewskorea.com/photo/2026/04/02/2026040219271382226,https://m.entertain.naver.com/article/108/0003422610,"Thu, 02 Apr 2026 19:28:00 +0900"
라이즈 소희 ‘옆모습도 멋짐’[포토엔HD],"라이즈(<b>RIIZE</b>) 멤버 쇼타로, 은석, 성찬, 원빈, 앤톤, 소희가 4월 2일 오후 서울 강서구 방화동 김포국제공항 국제선을 통해 해외 일정 참석 차 일본으로 출국하고 있다.",https://www.newsen.com/news_view.php?uid=202604021921383510,https://m.entertain.naver.com/article/609/0001109803,"Thu, 02 Apr 2026 19:22:00 +0900"
라이즈 은석 ‘눈만 빼꼼’[포토엔HD],"라이즈(<b>RIIZE</b>) 멤버 쇼타로, 은석, 성찬, 원빈, 앤톤, 소희가 4월 2일 오후 서울 강서구 방화동 김포국제공항 국제선을 통해 해외 일정 참석 차 일본으로 출국하고 있다.",https://www.newsen.com/news_view.php?uid=202604021920273510,https://m.entertain.naver.com/article/609/0001109802,"Thu, 02 Apr 2026 19:21:00 +0900"
라이즈 앤톤 ‘섹시한 브이 라인’[포토엔HD],"라이즈(<b>RIIZE</b>) 멤버 쇼타로, 은석, 성찬, 원빈, 앤톤, 소희가 4월 2일 오후 서울 강서구 방화동 김포국제공항 국제선을 통해 해외 일정 참석 차 일본으로 출국하고 있다.",https://www.newsen.com/news_view.php?uid=202604021919263510,https://m.entertain.naver.com/article/609/0001109801,"Thu, 02 Apr 2026 19:20:00 +0900"
라이즈 쇼타로 ‘반짝이는 물광 피부’[포토엔HD],"라이즈(<b>RIIZE</b>) 멤버 쇼타로, 은석, 성찬, 원빈, 앤톤, 소희가 4월 2일 오후 서울 강서구 방화동 김포국제공항 국제선을 통해 해외 일정 참석 차 일본으로 출국하고 있다.",https://www.newsen.com/news_view.php?uid=202604021917433510,https://m.entertain.naver.com/article/609/0001109800,"Thu, 02 Apr 2026 19:18:00 +0900"
라이즈 원빈 ‘만찢남 비주얼’[포토엔HD],"라이즈(<b>RIIZE</b>) 멤버 쇼타로, 은석, 성찬, 원빈, 앤톤, 소희가 4월 2일 오후 서울 강서구 방화동 김포국제공항 국제선을 통해 해외 일정 참석 차 일본으로 출국하고 있다.",https://www.newsen.com/news_view.php?uid=202604021916313510,https://m.entertain.naver.com/article/609/0001109799,"Thu, 02 Apr 2026 19:17:00 +0900"
"흥미로운 기획, 불안과 불균형…NCT라는 실험의 명암[파고들기]","2020년 새로 합류한 쇼타로와 성찬은 127, 드림, 웨이션브이 같은 고정팀 없이 3년 가까이 지내다가 NCT를 탈퇴하고 2023년 9월 라이즈(<b>RIIZE</b>)로 재데뷔했다. SM에서 일어난 경영권 분쟁 때 대주주였던 이 전 총괄은 보유한... ",https://www.nocutnews.co.kr/news/6495172?utm_source=naver&utm_medium=article&utm_campaign=20260402014743,https://m.entertain.naver.com/article/079/0004131861,"Thu, 02 Apr 2026 05:01:00 +0900"
"아이유♥변우석, 방송 전부터 화제성 싹쓸이했다더니…초호화 OST 라인업...","라이즈(<b>RIIZE</b>), 보이넥스트도어(BOYNEXTDOOR), 비비(BIBI), 샘킴(SAM KIM), 소수빈, 알레프(ALEPH), 우즈(WOODZ), 임중원(손을모아), 키키(KiiiKiii), 한로로, hrtz wav (하츠웨이브)(이상 가나다 순)까지 총 11팀이 참여했다. '21세기... ",https://www.tenasia.co.kr/article/2026040108954,https://m.entertain.naver.com/article/312/0000754012,"Wed, 01 Apr 2026 19:00:00 +0900"
"‘21세기 대군부인’, OST 초호화 라인업..우즈·라이즈·키키·한로로 ...","‘21세기 대군부인’ OST 라인업을 살펴보면 라이즈(<b>RIIZE</b>), 보이넥스트도어... participating—including <b>RIIZE</b>, BOYNEXTDOOR, BIBI, SAM KIM, So Soo-bin, ALEPH, WOODZ, Lim Joong-won (Son-eul-mo-a)... ",http://www.breaknews.com/1196957,http://www.breaknews.com/1196957,"Wed, 01 Apr 2026 17:30:00 +0900"
우즈부터 라이즈까지…‘21세기 대군부인’ OST 라인업 공개,"이번 OST에는 라이즈(<b>RIIZE</b>), 보이넥스트도어(BOYNEXTDOOR), 비비(BIBI), 샘킴(SAM KIM), 소수빈, 알레프(ALEPH), 우즈(WOODZ), 임중원(손을모아), 키키(KiiiKiii), 한로로, hrtz.wav(하츠웨이브) 등 총 11팀이 참여한다.... ",https://www.dailian.co.kr/news/view/1628390/?sc=Naver,https://m.entertain.naver.com/article/119/0003075918,"Wed, 01 Apr 2026 16:20:00 +0900"
‘2026 마이케이 페스타’ 킨텍스서 6월 25일 개막,"▲MyK LIVE(콘서트)는 하이라이트(HIGHLIGHT), 트레저(TREASURE), 제로베이스원(ZEROBASEONE), 라이즈(<b>RIIZE</b>), 이즈나(izna), 하츠투하츠(Hearts2Hearts) 등 정상급 아티스트가 출연하여 K-팝의 정수를 선보인다. ▲MyK VOICE(토크세션)는... ",https://www.joongang.co.kr/article/25416721,https://n.news.naver.com/mnews/article/025/0003513291?sid=103,"Wed, 01 Apr 2026 16:06:00 +0900"
"'대군부인' 우즈→라이즈, OST 초호화 라인업 공개","라이즈(<b>RIIZE</b>), 보이넥스트도어(BOYNEXTDOOR), 비비(BIBI), 샘킴(SAM KIM), 소수빈, 알레프(ALEPH), 우즈(WOODZ), 임중원(손을모아), 키키(KiiiKiii), 한로로, hrtz.wav (하츠웨이브)(이상 가나다 순)까지 총 11팀이 참여해, 작품 속에서... ",http://enews.imbc.com/News/RetrieveNewsInfo/500067,https://m.entertain.naver.com/article/408/0000303701,"Wed, 01 Apr 2026 15:29:00 +0900"
카카오엔터 IP 시너지 폭발! ‘21세기 대군부인’ OST에 우즈·키키 등 ...,"카카오엔터테인먼트는 오는 4월 10일 첫 방송되는 ‘21세기 대군부인’의 OST에 라이즈(<b>RIIZE</b>), 보이넥스트도어(BOYNEXTDOOR), 비비(BIBI), 샘킴(SAM KIM), 소수빈, 알레프(ALEPH), 우즈(WOODZ), 임중원, 키키(KiiiKiii), 한로로, hrtz.wav... ",https://sports.donga.com/ent/article/all/20260401/133653215/1,https://m.entertain.naver.com/article/382/0001265674,"Wed, 01 Apr 2026 13:47:00 +0900"
우즈·라이즈·보넥도·키키·한로로 총출동..카카오엔터 ‘21세기 대군...,"라이즈(<b>RIIZE</b>), 보이넥스트도어(BOYNEXTDOOR), 비비(BIBI), 샘킴(SAM KIM), 소수빈, 알레프(ALEPH), 우즈(WOODZ), 임중원(손을모아), 키키(KiiiKiii), 한로로, hrtz.wav (하츠웨이브)(이상 가나다 순)까지 총 11팀이 참여했다. MBC 새... ",https://www.heraldmuse.com/article/10707642?ref=naver,https://m.entertain.naver.com/article/112/0003791943,"Wed, 01 Apr 2026 13:36:00 +0900"
"우즈·라이즈·보넥도·키키·한로로…카카오엔터, ‘21세기 대군부인’...","라이즈(<b>RIIZE</b>), 보이넥스트도어(BOYNEXTDOOR), 비비(BIBI), 샘킴(SAM KIM), 소수빈, 알레프(ALEPH), 우즈(WOODZ), 임중원(손을모아), 키키(KiiiKiii), 한로로, hrtz.wav (하츠웨이브)(이상 가나다 순)까지 총 11팀이 참여해, 작품 속에서... ",https://www.sportsworldi.com/newsView/20260401510780,https://m.entertain.naver.com/article/396/0000740400,"Wed, 01 Apr 2026 12:09:00 +0900"
우즈·라이즈·보넥도·키키 '新 대세' 뜬다⋯'21세기 대군부인' OST 라인...,"'21세기 대군부인' OST 라인업 [사진=카카오엔터테인먼트] 라이즈(<b>RIIZE</b>)와 보이넥스트도어(BOYNEXTDOOR), 비비(BIBI), 샘킴(SAM KIM), 소수빈, 알레프(ALEPH), 우즈(WOODZ), 임중원(손을모아), 키키(KiiiKiii), 한로로, hrtz.wav... ",http://www.joynews24.com/view/1955822,http://www.joynews24.com/view/1955822,"Wed, 01 Apr 2026 11:36:00 +0900"
우즈·한로로·키키… ‘21세기 대군부인’ OST 라인업 공개,"라이즈(<b>RIIZE</b>), 보이넥스트도어(BOYNEXTDOOR), 비비(BIBI), 샘킴(SAM KIM), 소수빈, 알레프(ALEPH), 우즈(WOODZ), 임중원(손을모아), 키키(KiiiKiii), 한로로, hrtz.wav(하츠웨이브) (이상 가나다 순)까지 총 11팀이 참여해, 작품 속에서... ",https://www.bntnews.co.kr/article/view/bnt202604010116,https://www.bntnews.co.kr/article/view/bnt202604010116,"Wed, 01 Apr 2026 11:32:00 +0900"
"2026 마이케이 페스타, 오는 6월 25~28일 킨텍스 · 소노캄 고양서 개최","MyK LIVE(콘서트)는 하이라이트(HIGHLIGHT), 트레저(TREASURE), 제로베이스원(ZEROBASEONE), 라이즈(<b>RIIZE</b>), 이즈나(izna), 하츠투하츠(Hearts2Hearts) 등 정상급 아티스트가 출연하여 K-팝의 정수를 선보인다. MyK VOICE(토크세션)는... ",https://www.donga.com/news/Culture/article/all/20260401/133652024/1,https://n.news.naver.com/mnews/article/020/0003708827?sid=103,"Wed, 01 Apr 2026 11:24:00 +0900"
"우즈·라이즈·보넥도·키키·한로로 총집결…‘21세기 대군부인’ OST,...","라인업에는 라이즈(<b>RIIZE</b>), 보이넥스트도어(BOYNEXTDOOR), 비비(BIBI), 샘킴(SAM KIM), 소수빈, 알레프(ALEPH), 우즈(WOODZ), 임중원(손을모아), 키키(KiiiKiii), 한로로, hrtz.wav(하츠웨이브)가 이름을 올렸다. ‘21세기 대군부인’은... ",https://www.sportsseoul.com/news/read/1598884?ref=naver,https://m.entertain.naver.com/article/468/0001230097,"Wed, 01 Apr 2026 11:22:00 +0900"
"아이유♥변우석, OST도 '초호화'…라이즈→우즈 11팀 라인업 공개 (21세...","그룹 라이즈(<b>RIIZE</b>)를 비롯해 보이넥스트도어(BOYNEXTDOOR), 비비(BIBI), 샘킴(SAM KIM), 소수빈, 알레프(ALEPH), 우즈(WOODZ), 임중원(손을모아), 키키(KiiiKiii), 한로로, hrtz.wav (하츠웨이브)(이상 가나다 순)까지 총 11팀이 참여해... ",https://www.xportsnews.com/article/2130348,https://m.entertain.naver.com/article/311/0001992873,"Wed, 01 Apr 2026 11:09:00 +0900"
라이즈·보넥도·키키·한로로 등 '21세기 대군부인' OST 초호화 라인업,"라이즈(<b>RIIZE</b>), 보이넥스트도어(BOYNEXTDOOR), 비비(BIBI), 샘킴(SAM KIM), 소수빈, 알레프(ALEPH), 우즈(WOODZ), 임중원(손을모아), 키키(KiiiKiii), 한로로, hrtz.wav (하츠웨이브)(이상 가나다 순)까지 총 11팀이 참여해, 작품 속에서... ",http://www.stoo.com/article.php?aid=105858462201,http://www.stoo.com/article.php?aid=105858462201,"Wed, 01 Apr 2026 11:06:00 +0900"
우즈·라이즈·보넥도·키키·한로로… '21세기 대군부인' OST 라인업 공...,"라인업엔 라이즈(<b>RIIZE</b>), 보이넥스트도어(BOYNEXTDOOR), 비비(BIBI), 샘킴(SAM KIM), 소수빈, 알레프(ALEPH), 우즈(WOODZ), 임중원(손을모아), 키키(KiiiKiii), 한로로, hrtz.wav (하츠웨이브)(이상 가나다 순)까지 총 11팀이 참여해, 작품... ",http://www.tvdaily.co.kr/read.php3?aid=17750060681782062002,http://www.tvdaily.co.kr/read.php3?aid=17750060681782062002,"Wed, 01 Apr 2026 10:28:00 +0900"
우즈·라이즈→보넥도·한로로 '21세기 대군부인' OST 초호화 라인업,"라이즈(<b>RIIZE</b>), 보이넥스트도어(BOYNEXTDOOR), 비비(BIBI), 샘킴(SAM KIM), 소수빈, 알레프(ALEPH), 우즈(WOODZ), 임중원(손을모아), 키키(KiiiKiii), 한로로, hrtz.wav (하츠웨이브)(이상 가나다 순)까지 총 11팀이 참여해, 작품 속에서... ",http://www.celuvmedia.com/article.php?aid=1775005460517706007,http://www.celuvmedia.com/article.php?aid=1775005460517706007,"Wed, 01 Apr 2026 10:22:00 +0900"
"우즈·라이즈·보넥도·키키·한로로.. 카카오엔터, MBC '21세기 대군부...","라이즈(<b>RIIZE</b>), 보이넥스트도어(BOYNEXTDOOR), 비비(BIBI), 샘킴(SAM KIM), 소수빈, 알레프(ALEPH), 우즈(WOODZ), 임중원(손을모아), 키키(KiiiKiii), 한로로, hrtz.wav (하츠웨이브)(이상 가나다 순)까지 총 11팀이 참여해, 작품 속에서... ",https://www.starnewskorea.com/music/2026/04/01/2026040110165030058,https://m.entertain.naver.com/article/108/0003422021,"Wed, 01 Apr 2026 10:19:00 +0900"
"우즈→키키·한로로, 아이유♥변우석 ‘21세기 대군부인’ OST 지원사격","라이즈(<b>RIIZE</b>), 보이넥스트도어(BOYNEXTDOOR), 비비(BIBI), 샘킴(SAM KIM), 소수빈, 알레프(ALEPH), 우즈(WOODZ), 임중원(손을모아), 키키(KiiiKiii), 한로로, hrtz.wav (하츠웨이브)(이상 가나다 순)까지 총 11팀이 참여한다. ‘21세기... ",https://www.newsen.com/news_view.php?uid=202604011013190410,https://m.entertain.naver.com/article/609/0001109207,"Wed, 01 Apr 2026 10:16:00 +0900"
"'대군부인' 아이유·변우석, 지원군도 든든하네…우즈→한로로 목소리 ...","라이즈(<b>RIIZE</b>), 보이넥스트도어(BOYNEXTDOOR), 비비(BIBI), 샘킴(SAM KIM), 소수빈, 알레프(ALEPH), 우즈(WOODZ), 임중원(손을모아), 키키(KiiiKiii), 한로로, hrtz.wav (하츠웨이브)(이상 가나다 순)까지 총 11팀이 참여해 작품 속에서... ",https://www.mydaily.co.kr/page/view/2026040109555828435,https://m.entertain.naver.com/article/117/0004049557,"Wed, 01 Apr 2026 10:10:00 +0900"
우즈·라이즈·키키·한로로..아이유x변우석 ‘21세기 대군부인’ OST 초...,"라이즈(<b>RIIZE</b>), 보이넥스트도어(BOYNEXTDOOR), 비비(BIBI), 샘킴(SAM KIM), 소수빈, 알레프(ALEPH), 우즈(WOODZ), 임중원(손을모아), 키키(KiiiKiii), 한로로, hrtz.wav (하츠웨이브)까지 총 11팀이 참여해, 작품 속에서 어우러지며 설렘을... ",http://www.osen.co.kr/article/G1112771574,https://m.entertain.naver.com/article/109/0005504730,"Wed, 01 Apr 2026 09:57:00 +0900"
우즈·라이즈부터 한로로까지…'21세기 대군부인' OST도 화제,"라이즈(<b>RIIZE</b>), 보이넥스트도어(BOYNEXTDOOR), 비비(BIBI), 샘킴(SAM KIM), 소수빈, 알레프(ALEPH), 우즈(WOODZ), 임중원(손을모아), 키키(KiiiKiii), 한로로, hrtz.wav (하츠웨이브)까지 총 11팀이 참여해, 작품 속에서 어우러지며... ",https://star.ytn.co.kr/_sn/0117_202604010952126531,https://m.entertain.naver.com/article/052/0002334802,"Wed, 01 Apr 2026 09:52:00 +0900"
"2026 마이케이 페스타, 6월 고양서 개최…홍보대사에 배우 이채민","▲MyK LIVE(콘서트)는 하이라이트(HIGHLIGHT), 트레저(TREASURE), 제로베이스원(ZEROBASEONE), 라이즈(<b>RIIZE</b>), 이즈나(izna), 하츠투하츠(Hearts2Hearts) 등 K-팝 아티스트들이 출연할 예정이다. ▲MyK VOICE(토크세션)에서는 문화산업... ",https://www.hankyung.com/article/202604010646O,https://n.news.naver.com/mnews/article/015/0005269517?sid=101,"Wed, 01 Apr 2026 09:48:00 +0900"
"우즈·라이즈·보넥도·한로로·비비…'21세기 대군부인', 초호화 OST 라...","이에 따르면 라이즈(<b>RIIZE</b>), 보이넥스트도어(BOYNEXTDOOR), 비비(BIBI), 샘킴(SAM KIM), 소수빈, 알레프(ALEPH), 우즈(WOODZ), 임중원(손을모아), 키키(KiiiKiii), 한로로, hrtz.wav (하츠웨이브)(이상 가나다 순)까지 총 11팀이... ",https://www.slist.kr/news/articleView.html?idxno=728411,https://www.slist.kr/news/articleView.html?idxno=728411,"Wed, 01 Apr 2026 09:44:00 +0900"
‘2026 마이케이 페스타’ 6월 25일 개막...킨텍스서 4일간 개최,"콘서트에는 하이라이트(HIGHLIGHT), 트레저(TREASURE), 제로베이스원(ZEROBASEONE), 라이즈(<b>RIIZE</b>), 이즈나(izna), 하츠투하츠(Hearts2Hearts) 등이 출연한다. 소노캄 고양에서는 수출상담회 'MyK TRADE' 등 비즈니스... ",https://view.asiae.co.kr/article/2026040109282754961,https://n.news.naver.com/mnews/article/277/0005743199?sid=101,"Wed, 01 Apr 2026 09:40:00 +0900"
이채민부터 트레저·라이즈까지… ‘2026 마이케이 페스타(MyK FESTA)’ 개...,"△MyK LIVE(콘서트)는 하이라이트(HIGHLIGHT), 트레저(TREASURE), 제로베이스원(ZEROBASEONE), 라이즈(<b>RIIZE</b>), 이즈나(izna), 하츠투하츠(Hearts2Hearts) 등 정상급 아티스트가 출연하여 K-팝의 정수를 선보인다. △MyK VOICE(토크세션)는... ",http://www.edaily.co.kr/news/newspath.asp?newsid=03640806645411856,https://n.news.naver.com/mnews/article/018/0006247066?sid=103,"Wed, 01 Apr 2026 09:17:00 +0900"
참고하기 좋은 셀럽들의 후드집업 스타일,믹스매치의 악마 소희 이미지 출처 : @<b>riize</b>_official 이미지 출처 : @<b>riize</b>_official 후드티 한 가지 아이템으로 포인트를 주고 싶다면 라이즈 소희처럼 텍스쳐가 다른 후드티를 선택하는 것도 방법이에요. 니트 소재나... ,https://www.esquirekorea.co.kr/article/1899934,https://www.esquirekorea.co.kr/article/1899934,"Tue, 31 Mar 2026 20:04:00 +0900"
[N포커스] 음악 빚은 서사 연대기…엔하이픈으로 본 하이브 'IP 변주' 진...,"최근 K팝 시장은 '뉴진스', '라이즈(<b>RIIZE</b>)', '투어스(TWS)' 등으로 대표되는 이지리스닝과 직관적인 청춘 서사가 주류로 자리 잡았다. 가볍고 편안한 소비가 대세인 상황에서, 엔하이픈이 고수해온 밀도 높은 판타지... ",https://www.nc.press/news/articleView.html?idxno=611501,https://www.nc.press/news/articleView.html?idxno=611501,"Tue, 31 Mar 2026 11:04:00 +0900"
SM eyes US as Hybe doubles down on Asia,"Fifth-generation acts such as <b>Riize</b> and Hearts2Hearts have entered the US within just two years of debut. <b>Riize</b> held a North American tour in 2025, while Hearts2Hearts staged showcases in New... ",https://www.koreaherald.com/article/10704983?ref=naver,https://n.news.naver.com/mnews/article/044/0000281743?sid=104,"Sun, 29 Mar 2026 16:00:00 +0900"
"라이즈 은석, '불러줘 LOVE 199...내 심장을 뒤흔드는 애교' [MHN영상]","그룹 라이즈(<b>RIIZE</b>) 은석이 26일 오후 서울 종로구 푸투라 서울에서 진행된 한 글로벌 뷰티 브랜드 행사에 참석해 포토타임을 갖고 있다. 행사에는 배우 틸다 스윈튼, 배윤영, 위하준, 이수혁, 지창욱과 그룹... ",https://www.mhnse.com/news/articleView.html?idxno=521374,https://m.entertain.naver.com/article/445/0000395382,"Sat, 28 Mar 2026 14:25:00 +0900"
"슴미니즈, 전 세계 아이돌 퍼즐 게임 다운로드 1위... 카카오게임즈 포...","'슴미니즈'는 SM 엔터테인먼트 소속 아티스트 IP를 기반으로 한 캐주얼 퍼즐게임으로 NCT, 에스파, <b>RIIZE</b> 등 아이돌들이 캐릭터 형태로 등장하며, 이용자는 퍼즐 스테이지를 클리어하면서 캐릭터를 수집하고 성장시킬 수... ",https://www.betanews.net/article/view/beta202603270001,https://www.betanews.net/article/view/beta202603270001,"Fri, 27 Mar 2026 09:18:00 +0900"
"[S노트] 라이즈 은석vs올데프 베일리vs우찬, 'K-뮤즈'로 빛났다… 3인 3색...","라이즈 은석 ©최은희기자 oso0@slist.kr라이즈 은석 ©최은희기자 oso0@slist.kr 라이즈(<b>RIIZE</b>) 은석은 완벽한 블랙 슈트핏과 함께 여유로운 포즈로 '인간 톰 포드'라는 찬사를 받았다. 올데이프로젝트 베일리, 우찬... ",https://www.slist.kr/news/articleView.html?idxno=727034,https://www.slist.kr/news/articleView.html?idxno=727034,"Fri, 27 Mar 2026 07:10:00 +0900"
"[현장영상] &quot;볼하트에 심쿵&quot;…은석, 눈부신 비주얼",'라이즈(<b>RIIZE</b>)' 은석이 여심을 사로잡는 볼하트로 현장을 환하게 밝혔다. 은석이 26일 오후 서울 북촌에서 열린 뷰티 브랜드 포토콜 행사에 참석했다. 이날 은석은 좌중을 압도하는 수트핏으로 취재진의 시선을... ,http://www.dispatch.co.kr/2340504,https://m.entertain.naver.com/article/433/0000126144,"Thu, 26 Mar 2026 20:47:00 +0900"
"[MD포토] 라이즈 은석, '손인사도 잘생김'",그룹 라이즈(<b>RIIZE</b>) 은석이 26일 오후 서울 가회동 푸투라서울에서 진행된 한 패션브랜드 런칭행사에 참석해 포토타임을 갖고 있다.,https://www.mydaily.co.kr/page/view/2026032619240781123,https://m.entertain.naver.com/article/117/0004047621,"Thu, 26 Mar 2026 19:25:00 +0900"
"[MD포토] 라이즈 은석, '화이트 코사지가 포인트'",그룹 라이즈(<b>RIIZE</b>) 은석이 26일 오후 서울 가회동 푸투라서울에서 진행된 한 패션브랜드 런칭행사에 참석해 포토타임을 갖고 있다.,https://www.mydaily.co.kr/page/view/2026032619203697745,https://m.entertain.naver.com/article/117/0004047619,"Thu, 26 Mar 2026 19:21:00 +0900"
"[MD포토] 라이즈 은석, '훤칠한 기럭지'",그룹 라이즈(<b>RIIZE</b>) 은석이 26일 오후 서울 가회동 푸투라서울에서 진행된 한 패션브랜드 런칭행사에 참석해 포토타임을 갖고 있다.,https://www.mydaily.co.kr/page/view/2026032619191587429,https://m.entertain.naver.com/article/117/0004047618,"Thu, 26 Mar 2026 19:20:00 +0900"
"[MD포토] 라이즈 은석, '훈훈함 폭발하는 볼하트'",그룹 라이즈(<b>RIIZE</b>) 은석이 26일 오후 서울 가회동 푸투라서울에서 진행된 한 패션브랜드 런칭행사에 참석해 포토타임을 갖고 있다.,https://www.mydaily.co.kr/page/view/2026032618552203992,https://m.entertain.naver.com/article/117/0004047610,"Thu, 26 Mar 2026 18:56:00 +0900"
카카오게임즈 '슴미니즈' 전 세계 아이돌 퍼즐 게임 다운로드 1위 달성,"게임에는 NCT, 에스파, <b>RIIZE</b> 등 인기 아티스트들이 캐릭터 형태로 등장하며, 이용자는 퍼즐 스테이지를 클리어하면서 캐릭터를 수집하고 성장시킬 수 있다. 센서타워 앱 퍼포먼스 인사이트 데이터에 따르면, '슴미니즈... ",https://gamefocus.co.kr/detail.php?number=174649,https://gamefocus.co.kr/detail.php?number=174649,"Thu, 26 Mar 2026 10:12:00 +0900"
"카카오게임즈, 퍼즐 장르 '슴미니즈' 글로벌 시장에서 인기","게임에는 NCT, 에스파, <b>RIIZE</b>, NCT 127, NCT DREAM  등 인기 아티스트들이 캐릭터 형태로 등장하며, 이용자는 퍼즐 스테이지를 클리어하면서 캐릭터를 수집하고, 성장시킬 수 있다. 센서타워 앱 퍼포먼스 인사이트 데이터에... ",https://www.gamevu.co.kr/news/articleView.html?idxno=56785,https://www.gamevu.co.kr/news/articleView.html?idxno=56785,"Thu, 26 Mar 2026 08:40:00 +0900"
"여돌은 장카설, 남돌은 '신원호'…5세대 男 아이돌 비주얼 계보 [스한:초...","투어스(TWS) 신유, 라이즈(<b>RIIZE</b>) 원빈, 코르티스(CORTIS) 건호는 독보적인 비주얼과 탄탄한 실력을 앞세워... com ▶ SM이 숨기고 싶어 했던 보물…라이즈 원빈, 독보적 '비주얼 센터' SM엔터테인먼트 소속 그룹 라이즈(<b>RIIZE</b>)... ",https://sports.hankooki.com/news/articleView.html?idxno=6929237,https://sports.hankooki.com/news/articleView.html?idxno=6929237,"Wed, 25 Mar 2026 10:28:00 +0900"
[뷰티뉴스] 얼음물 대신 '쿨링 케어'…아이돌이 택한 부기 관리법,최근 온라인 커뮤니티에서는 라이즈(<b>RIIZE</b>) 쇼타로가 이동 중 얼굴에 패드를 부착한 모습이 포착됐다. 스케줄 전 부기를 빠르게 빼고 피부 온도를 낮춰 최상의 '화잘먹(화장이 잘 먹는)' 피부 상태를 만들기 위한 그만의... ,http://www.atstar1.com/news/articleView.html?idxno=6033575,https://n.news.naver.com/mnews/article/415/0000047266?sid=103,"Tue, 24 Mar 2026 17:43:00 +0900"
"라이즈, 브라질 종횡무진",그룹 라이즈(<b>RIIZE</b>)가 K팝 보이그룹 최초로 ‘롤라팔루자 남미(Lollapalooza South America)’ 출연을 위해 찾은 브라질에서 다양한 프로모션으로 연일 화제를 모았다. 라이즈는 3월 19일(현지시간) 방송된 브라질 대표 TV... ,https://www.donga.com/news/Entertainment/article/all/20260324/133595797/1,https://m.entertain.naver.com/article/020/0003706529,"Tue, 24 Mar 2026 14:53:00 +0900"
"열정의 라이즈, 브라질도 완벽 접수","라이즈(<b>RIIZE</b>, 에스엠엔터테인먼트 소속)가 K팝 보이그룹 최초로 '롤라팔루자 남미(Lollapalooza South America)' 출연을 위해 찾은 브라질에서 다양한 프로모션으로 연일 화제를 모았다. 라이즈는 3월 19일(현지시간)... ",https://www.newsinside.kr/news/articleView.html?idxno=4530127,https://www.newsinside.kr/news/articleView.html?idxno=4530127,"Tue, 24 Mar 2026 14:12:00 +0900"
"라이즈, 브라질도 완벽 접수…가는 곳마다 화제성 폭발","라이즈(<b>RIIZE</b>)가 브라질을 사로잡았다. 라이즈는 3월 19일(현지시간) 방송된 브라질 대표 TV 토크쇼 ‘더 노이치(The Noite)’에 출연해, 인기 코미디언인 MC 다닐로 젠칠리(Danilo Gentili)와 음악, 춤, 음식, 언어 등 서로의... ",https://www.newsen.com/news_view.php?uid=202603241211412410,https://m.entertain.naver.com/article/609/0001106246,"Tue, 24 Mar 2026 12:21:00 +0900"
"라이즈, 브라질 사로잡았다…가는 곳마다 화제성 폭발",그룹 라이즈(<b>RIIZE</b>)가 K팝 보이그룹 최초로 ‘롤라팔루자 남미(Lollapalooza South America)’ 출연을 위해 찾은 브라질에서 다양한 프로모션으로 연일 화제를 모았다. 라이즈는 19일(현지시간) 방송된 브라질 대표 TV... ,https://www.mydaily.co.kr/page/view/2026032411375026767,https://m.entertain.naver.com/article/117/0004046707,"Tue, 24 Mar 2026 11:38:00 +0900"
남미에선 더 뜨겁다…라이즈 등장에 브라질 ‘들썩’,그룹 라이즈(<b>RIIZE</b>)가 K팝 보이그룹 최초로 ‘롤라팔루자 남미(Lollapalooza South America)’ 출연을 위해 찾은 브라질에서 다양한 프로모션으로 연일 화제를 모으고 있다. 라이즈는 3월 19일(현지시간) 방송된 브라질... ,https://www.sportsworldi.com/newsView/20260324506893,https://m.entertain.naver.com/article/396/0000739450,"Tue, 24 Mar 2026 10:51:00 +0900"
"라이즈, 브라질도 완벽 접수..TV 토크쇼 출연까지",라이즈(<b>RIIZE</b>)가 K팝 보이그룹 최초로 ‘롤라팔루자 남미(Lollapalooza South America)’ 출연을 위해 찾은 브라질에서 다양한 프로모션으로 연일 화제를 모았다. 라이즈는 3월 19일(현지시간) 방송된 브라질 대표 TV... ,http://www.osen.co.kr/article/G1112766409,https://m.entertain.naver.com/article/109/0005499642,"Tue, 24 Mar 2026 10:36:00 +0900"
"열정의 라이즈, 브라질도 접수","라이즈(<b>RIIZE</b>, 에스엠엔터테인먼트 소속)가 K팝 보이그룹 최초로 '롤라팔루자 남미(Lollapalooza South America)' 출연을 위해 찾은 브라질에서 다양한 프로모션으로 연일 화제를 모았다. 라이즈는 3월 19일(현지시간)... ",https://www.starnewskorea.com/music/2026/03/24/2026032410112926640,https://m.entertain.naver.com/article/108/0003419435,"Tue, 24 Mar 2026 10:14:00 +0900"
"라이즈, 가는 곳마다 이슈…브라질서도 터진 존재감",라이즈(<b>RIIZE</b>)가 '롤라팔루자 남미(Lollapalooza South America)' 출연을 위해 찾은 브라질에서 다양한 프로모션으로 연일 화제를 모았다. 라이즈는 지난 19일(현지시간) 방송된 브라질 대표 TV 토크쇼 '더 노이치(The Noite)... ,http://www.atstar1.com/news/articleView.html?idxno=6033548,https://m.entertain.naver.com/article/415/0000047244,"Tue, 24 Mar 2026 10:13:00 +0900"
"라이즈, 브라질 TV쇼부터 네이마르 소속구단 선물까지…남미 뜨거운 열...","라이즈(<b>RIIZE</b>, 에스엠엔터테인먼트 소속)가 K팝 보이그룹 최초로 '롤라팔루자 남미(Lollapalooza South America)' 출연을 위해 찾은 브라질에서 다양한 프로모션으로 연일 화제를 모았다. 라이즈는 3월 19일(현지시간)... ",https://www.slist.kr/news/articleView.html?idxno=726204,https://www.slist.kr/news/articleView.html?idxno=726204,"Tue, 24 Mar 2026 10:12:00 +0900"
"[모닝 리포트] &quot;에스엠, 저연차 라인업+성장 전략+한한령 해소에 안정적...","연구원들은 이날 리포트에서 &quot;상대적으로 타 엔터사 대비 영미권에 대한 대응이 다소 느리다는 점은 아쉬우나 에스파를 중심으로 <b>RIIZE</b>, NCT WISH, 하츠투하츠 등 저연차 라인업이 빠른 성장을 보이고 있다&quot;며 &quot;올해... ",https://www.newspim.com/news/view/20260324000161,https://www.newspim.com/news/view/20260324000161,"Tue, 24 Mar 2026 09:33:00 +0900"
라이즈 '새벽에도 멋짐폭발' [★영상],"그룹 라이즈(<b>RIIZE</b>) 쇼타로, 은석, 성찬, 원빈, 소희, 앤톤이 미국 일정을 마치고 24일 오전 인천국제공항을 통해 입국하고 있다. 2026.03.24",https://www.starnewskorea.com/photo/2026/03/24/2026032404555971057,https://m.entertain.naver.com/article/108/0003419354,"Tue, 24 Mar 2026 04:59:00 +0900"
"BTS 지민이 쏘아 올린 남자 롱 헤어, 지금 다시 뜬다","「 라이즈 원빈 」 사진/ @<b>riize</b>_official 원빈이 선택한 스타일은 세미 울프컷. 구레나룻은 귀 위로 눌러 정리하고, 목덜미만 길게 살린 형태로 비교적 도전하기 쉽다. 깔끔하면서도 감각적인 분위기를 동시에 살릴 수... ",https://www.harpersbazaar.co.kr/article/1899276,https://www.harpersbazaar.co.kr/article/1899276,"Mon, 23 Mar 2026 20:50:00 +0900"
라이즈 '롤라팔루자 남미' 달궜다…K팝 보이그룹 최초,"그룹 라이즈(<b>RIIZE</b>)가 K팝 보이그룹 최초로 세계적인 뮤직 페스티벌 '롤라팔루자 남미'(Lollapalooza South America)에 출격했다. 라이즈는 '롤라팔루자 남미'를 구성하는 3개국 공연에 모두 등장, 지난 3월 14일... ",https://www.news1.kr/entertain/music/6110949,https://m.entertain.naver.com/article/421/0008843805,"Mon, 23 Mar 2026 16:49:00 +0900"
"라이즈, K팝 보이그룹 최초…남미 3개국 홀려","그룹 라이즈(<b>RIIZE</b>)가 K팝 보이그룹 최초로 세계적인 뮤직 페스티벌 ‘롤라팔루자 남미(Lollapalooza South America)’에 출격, 남미 특유의 열정에 걸맞은 스테이지를 선사했다. 라이즈는 첫 월드 투어 이후... ",https://www.donga.com/news/Entertainment/article/all/20260323/133587087/1,https://m.entertain.naver.com/article/020/0003706192,"Mon, 23 Mar 2026 15:42:00 +0900"
"머스트유, 태국 K2O 페스티벌 메인 스폰서 참여…동남아 뷰티 시장 공략","이번 행사에는 라이즈(<b>RIIZE</b>), 키스오브라이프(KISS OF LIFE), 피프티피프티(FIFTY FIFTY), 롱샷(Long Shot) 등 K-POP 아티스트들이 출연을 확정했다. 머스트유는 송크란 축제의 특성에 맞춰 K-뷰티 스테이션(K-Beauty Station) 체험... ",https://www.gukjenews.com/news/articleView.html?idxno=3536806,https://www.gukjenews.com/news/articleView.html?idxno=3536806,"Mon, 23 Mar 2026 14:22:00 +0900"
"라이즈, 지구 반대편 남미 3개국 홀렸다","라이즈, 지구 반대편 남미 3개국 홀렸다 (제공: 에스엠엔터테인먼트) 라이즈(<b>RIIZE</b>)가 K팝 보이그룹 최초로 세계적인 뮤직 페스티벌 ‘롤라팔루자 남미(Lollapalooza South America)’에 출격, 남미 특유의... ",https://www.bntnews.co.kr/article/view/bnt202603230114,https://www.bntnews.co.kr/article/view/bnt202603230114,"Mon, 23 Mar 2026 14:00:00 +0900"
"라이즈, 지구 반대편 남미 3개국 홀린 ‘新 페스티벌 최강자’","그룹 라이즈(<b>RIIZE</b>)가 K팝 보이그룹 최초로 세계적인 뮤직 페스티벌 ‘롤라팔루자 남미(Lollapalooza South America)’에 출격, 남미 특유의 열정에 걸맞은 스테이지를 선사했다. 라이즈는 첫 월드 투어 이후... ",http://www.tvdaily.co.kr/read.php3?aid=17742376531781361010,http://www.tvdaily.co.kr/read.php3?aid=17742376531781361010,"Mon, 23 Mar 2026 12:50:00 +0900"
"라이즈, ‘키윙’ 그룹 부문 3회 연속 1위 [DA:차트]",그룹 라이즈(<b>RIIZE</b>)가 키윙(Kiwing) 3회차 레이스 그룹 부문 정상에 올랐다. 캐릭터형 팬덤 플랫폼 키윙(Kiwing)은 지난달 23일부터 이달 22일까지 진행된 3회차 레이스 개인 투표 결과를 23일 공개했다. 투표 결과... ,https://sports.donga.com/ent/article/all/20260323/133585380/1,https://m.entertain.naver.com/article/382/0001263414,"Mon, 23 Mar 2026 12:32:00 +0900"
"라이즈, K팝 보이그룹 최초 '롤라팔루자 남미' 3개국 투어 성료",그룹 라이즈(<b>RIIZE</b>)가 K팝 보이그룹 최초로 '롤라팔루자 남미(Lollapalooza South America)' 무대에 오르며 글로벌 페스티벌의 신흥 강자로 떠올랐다. 23일 SM엔터테인먼트는 라이즈가 지난 14일 아르헨티나(이하... ,https://www.nc.press/news/articleView.html?idxno=610798,https://www.nc.press/news/articleView.html?idxno=610798,"Mon, 23 Mar 2026 11:37:00 +0900"
"[공연 현장] 라이즈, 남미 3개국 홀린 ‘新 페스티벌 최강자’…현지 언...","라이즈(<b>RIIZE</b>)가 K팝 보이그룹 최초로 세계적인 뮤직 페스티벌 ‘롤라팔루자 남미(Lollapalooza South America)’에 출격, 남미 특유의 열정에 걸맞은 스테이지를 선사했다. 소속사 에스엠엔터테인먼트에... ",http://www.beyondpost.co.kr/view.php?ud=202603231016526674d3244b4fed_30,http://www.beyondpost.co.kr/view.php?ud=202603231016526674d3244b4fed_30,"Mon, 23 Mar 2026 11:32:00 +0900"
"라이즈, K팝 보이그룹 최초 '롤라팔루자 남미' 무대 성황",그룹 라이즈(<b>RIIZE</b>)가 K팝 보이그룹 최초로 세계적인 뮤직 페스티벌 '롤라팔루자 남미(Lollapalooza South America)'를 구성하는 3개국 공연 모두에 등장했다. 라이즈는 지난 3월 14일(이하 현지시간) 아르헨티나... ,http://www.stoo.com/article.php?aid=105707375147,http://www.stoo.com/article.php?aid=105707375147,"Mon, 23 Mar 2026 10:58:00 +0900"
"라이즈, 롤라팔루자 남미 뒤흔들었다…K팝 보이그룹 최초 출격",라이즈(<b>RIIZE</b>)가 K팝 보이그룹 최초로 세계적인 뮤직 페스티벌 '롤라팔루자 남미(Lollapalooza South America)'에 출연해 현지 관객을 사로잡았다. 라이즈는 첫 월드 투어 이후 한층 강화된 무대 역량을... ,http://www.seoulwire.com/news/articleView.html?idxno=712644,http://www.seoulwire.com/news/articleView.html?idxno=712644,"Mon, 23 Mar 2026 10:48:00 +0900"
"SM 라이즈, 지구 반대편 남미 3개국 홀린 '新 페스티벌 최강자'","라이즈(<b>RIIZE</b>, 에스엠엔터테인먼트 소속)가 K팝 보이그룹 최초로 세계적인 뮤직 페스티벌 '롤라팔루자 남미(Lollapalooza South America)'에 출격, 남미 특유의 열정에 걸맞은 스테이지를 선사했다. 라이즈는 첫... ",http://www.newstown.co.kr/news/articleView.html?idxno=697837,http://www.newstown.co.kr/news/articleView.html?idxno=697837,"Mon, 23 Mar 2026 10:42:00 +0900"
"K팝 보이 그룹 최초..라이즈, 남미 3개국 제대로 홀렸다",보이 그룹 라이즈(<b>RIIZE</b>)가 K팝 보이 그룹 최초로 세계적인 뮤직 페스티벌 '롤라팔루자 남미(Lollapalooza South America)'에 출격했다. 라이즈는 첫 월드 투어 이후 한층 성장한 무대 능력치를 바탕으로... ,https://www.starnewskorea.com/music/2026/03/23/2026032310270830618,https://m.entertain.naver.com/article/108/0003419077,"Mon, 23 Mar 2026 10:30:00 +0900"
"라이즈, 지구 반대편 남미 3개국 홀린 '新 페스티벌 최강자'","그룹 라이즈(<b>RIIZE</b>, 에스엠엔터테인먼트 소속)가 K팝 보이그룹 최초로 세계적인 뮤직 페스티벌 ‘롤라팔루자 남미(Lollapalooza South America)’에 출격했다. 이들은 남미 특유의 열정에 걸맞은 스테이지를... ",http://www.osen.co.kr/article/G1112765786,https://m.entertain.naver.com/article/109/0005499043,"Mon, 23 Mar 2026 10:15:00 +0900"
"라이즈, 지구 반대편 남미 3개국 홀린 ‘新 페스티벌 최강자’",라이즈(<b>RIIZE</b>)가 K팝 보이그룹 최초로 세계적인 뮤직 페스티벌 ‘롤라팔루자 남미(Lollapalooza South America)’를 사로잡았다. 라이즈는 첫 월드 투어 이후 한층 성장한 무대 능력치를 바탕으로 롤라팔루자... ,https://www.newsen.com/news_view.php?uid=202603231007272410,https://m.entertain.naver.com/article/609/0001105706,"Mon, 23 Mar 2026 10:09:00 +0900"
"라이즈, 남미 3개국 홀린 롤라팔루자 남신…'新 페스티벌 최강자'","라이즈(<b>RIIZE</b>, 에스엠엔터테인먼트 소속)가 K팝 보이그룹 최초로 세계적인 뮤직 페스티벌 '롤라팔루자 남미(Lollapalooza South America)'에 출격, 남미 특유의 열정에 걸맞은 스테이지를 선사했다. ⓒ Nicolás... ",https://www.slist.kr/news/articleView.html?idxno=725908,https://www.slist.kr/news/articleView.html?idxno=725908,"Mon, 23 Mar 2026 10:08:00 +0900"
팬의 기억을 설계하는 디자인…전통적 한국 감성 품은 K-POP 디자이너 박...,"또한 <b>RIIZE</b> 북미 투어 머천다이즈 디자인에도 참여했다. 모자 디자인을 통해 팬들의 일상 속에 스며드는 경험을 구현하며, 공연의 기억이 생활로 이어지는 과정을 직접 확인했다. 이 외에도 ATEEZ, ENHYPEN 등의 프로젝트를... ",http://www.domin.co.kr/news/articleView.html?idxno=1549396,http://www.domin.co.kr/news/articleView.html?idxno=1549396,"Sun, 22 Mar 2026 15:12:00 +0900"
"'연매출 1100억' 세터, 해외 매장 확대…'K-패션' 입지 강화",또 지난해 9월 모델로 발탁된 SM 소속 아이돌 라이즈(<b>RIIZE</b>)가 공항과 라이브 방송 등 일상에서 세터를 입은 모습을 자주 노출하며 '팬덤 효과'를 극대화한 것도 주효하게 작용했다. 세터는 '즐거운 토요일의 감성'을... ,https://www.news1.kr/industry/distribution/6104601,https://n.news.naver.com/mnews/article/421/0008840670?sid=101,"Sun, 22 Mar 2026 08:30:00 +0900"
AI로 비용 줄이고 공연 키운다…에스엠 실적 반등 신호,"에스파(aespa), 라이즈(<b>RIIZE</b>), NCT127 등 핵심 아티스트들의 미국 활동 확대와 공연 규모 증가를 통해 공연 및 MD 매출 성장이 예상된다. 이는 글로벌 팬덤 확대와 함께 수익 다변화로 이어질 전망이다. 인공지능(AI) 기술... ",https://www.pinpointnews.co.kr/news/articleView.html?idxno=438798,https://www.pinpointnews.co.kr/news/articleView.html?idxno=438798,"Sun, 22 Mar 2026 07:48:00 +0900"
라이즈 앤톤 오늘(21일) 생일…아이돌픽 이벤트 주인공 [DA차트],그룹 라이즈(<b>RIIZE</b>)의 앤톤이 아이돌픽 생일 이벤트를 받는다. 21일 ‘나만의 아이돌을 픽한다’ 스타 투표 웹서비스 아이돌픽(idolpick)에 따르면 앤톤은 3월 생일자를 대상으로 한 스페셜 투표에서 이벤트 주인공으로... ,https://sports.donga.com/ent/article/all/20260316/133538515/1,https://m.entertain.naver.com/article/382/0001263055,"Sat, 21 Mar 2026 00:01:00 +0900"
Why K-Pop Is Hitting a Roadblock in China,"In a high-profile example, the K-pop boy band <b>Riize</b> performed without one of its six members... a <b>Riize</b> fan in Jakarta, Indonesia. “One of the reasons I’ve focused on this is because it’s... ",https://www.nytimes.com/2026/03/20/world/asia/k-pop-china-japan-south-korea.html?partner=naver,https://www.nytimes.com/2026/03/20/world/asia/k-pop-china-japan-south-korea.html?partner=naver,"Fri, 20 Mar 2026 17:50:00 +0900"
"박명수, 라이즈 '남팬' 됐다...콘서트장서 '포토카드 깡+응원법 열창'('...","박명수는 인기 보이 그룹 라이즈(<b>RIIZE</b>, 쇼타로, 은석, 성찬, 원빈, 소희, 앤톤) 공연을 보러 방문해 하루동안 팬들이 콘서트를 즐기는 루트를 직접 체험하고 즐겨보는 시간을 가졌다. 그는 '팬들의 하루 코스'를 그대로... ",https://www.mhnse.com/news/articleView.html?idxno=519259,https://m.entertain.naver.com/article/445/0000393561,"Fri, 20 Mar 2026 17:49:00 +0900"
라이즈 앤톤 생일 맞아 명동 ‘엠시티(M-CITY)’ 장식…21일 송출,그룹 라이즈(<b>RIIZE</b>) 멤버 앤톤의 생일을 기념해 팬들이 서울 명동 소재 초대형 LED 전광판 ‘엠시티’(M-CITY)에서 축하 광고를 진행한다. 이번 광고는 명동의 랜드마크 미디어를 활용한 팬 주도형 콘텐츠로 기획됐다.... ,https://www.mk.co.kr/article/11993380,https://m.entertain.naver.com/article/009/0005653191,"Fri, 20 Mar 2026 10:30:00 +0900"
"라이즈 은석, 생일 맞이 축하 물결…광화문 ‘룩스’까지 점령","그룹 라이즈(<b>RIIZE</b>) 은석이 생일을 기념해 압도적 존재감을 뽐낸다. 은석의 중국 팬덤은 3월 19일 은석의 생일을 기념해 다양한 형태의 광고를 서울 및 수도권 주요 지역에서 집중적으로 진행, 높은 결집력을 입증했다. 특히... ",https://www.donga.com/news/Entertainment/article/all/20260319/133565522/1,https://m.entertain.naver.com/article/020/0003705425,"Thu, 19 Mar 2026 16:56:00 +0900"
